epoch,time,train/box_loss,train/cls_loss,train/dfl_loss,metrics/precision(B),metrics/recall(B),metrics/mAP50(B),metrics/mAP50-95(B),val/box_loss,val/cls_loss,val/dfl_loss,lr/pg0,lr/pg1,lr/pg2
1,124.395,0,130.835,0,0,0,0,0,0,249.587,0,0.00022864,0.00022864,0.00022864
2,225.71,0,118.497,0,0,0,0,0,0,245.34,0,0.000452896,0.000452896,0.000452896
3,329.186,0,105.845,0,0,0,0,0,0,233.955,0,0.000657912,0.000657912,0.000657912
4,421.373,0,95.4074,0,0,0,0,0,0,226.258,0,0.000843687,0.000843687,0.000843687
5,511.56,0,87.1472,0,0,0,0,0,0,200.633,0,0.00101022,0.00101022,0.00101022
6,613.476,0,80.1356,0,0,0,0,0,0,178.22,0,0.00114606,0.00114606,0.00114606
7,727.046,0,74.1149,0,0,0,0,0,0,168.107,0,0.00108947,0.00108947,0.00108947
